{
  "AT0": {
    "mean_fraction": 0.0005121403724808384,
    "std_fraction": 0.0022734503573827772,
    "n_donors": 89,
    "compartment": "other"
  },
  "AT1": {
    "mean_fraction": 0.009655536712205242,
    "std_fraction": 0.03219053036207588,
    "n_donors": 151,
    "compartment": "alveolar"
  },
  "AT2": {
    "mean_fraction": 0.04752409650172906,
    "std_fraction": 0.1155471664459663,
    "n_donors": 170,
    "compartment": "alveolar"
  },
  "AT2 proliferating": {
    "mean_fraction": 0.0008853144801603445,
    "std_fraction": 0.0077514251414812635,
    "n_donors": 75,
    "compartment": "alveolar"
  },
  "Adventitial fibroblasts": {
    "mean_fraction": 0.003780599861967031,
    "std_fraction": 0.014482165284043544,
    "n_donors": 140,
    "compartment": "stromal"
  },
  "Alveolar Mph CCL3+": {
    "mean_fraction": 0.003354580440212888,
    "std_fraction": 0.024652373268854527,
    "n_donors": 122,
    "compartment": "other"
  },
  "Alveolar Mph MT-positive": {
    "mean_fraction": 0.000449272711237602,
    "std_fraction": 0.006701304585915739,
    "n_donors": 51,
    "compartment": "other"
  },
  "Alveolar Mph proliferating": {
    "mean_fraction": 0.0009167232597145092,
    "std_fraction": 0.0031198417255775034,
    "n_donors": 105,
    "compartment": "other"
  },
  "Alveolar fibroblasts": {
    "mean_fraction": 0.005645401557182655,
    "std_fraction": 0.030365851976059757,
    "n_donors": 133,
    "compartment": "stromal"
  },
  "Alveolar macrophages": {
    "mean_fraction": 0.060049730181977144,
    "std_fraction": 0.15219003632235376,
    "n_donors": 189,
    "compartment": "alveolar"
  },
  "B cells": {
    "mean_fraction": 0.0067439340457562565,
    "std_fraction": 0.03537605127815122,
    "n_donors": 185,
    "compartment": "immune"
  },
  "Basal resting": {
    "mean_fraction": 0.024018800353777778,
    "std_fraction": 0.0715296890347644,
    "n_donors": 192,
    "compartment": "airway_epithelial"
  },
  "CD4 T cells": {
    "mean_fraction": 0.016154753528694752,
    "std_fraction": 0.0435206936519458,
    "n_donors": 207,
    "compartment": "immune"
  },
  "CD8 T cells": {
    "mean_fraction": 0.0236743967992648,
    "std_fraction": 0.05601069123615417,
    "n_donors": 214,
    "compartment": "immune"
  },
  "Classical monocytes": {
    "mean_fraction": 0.01699807151144585,
    "std_fraction": 0.04412524770685405,
    "n_donors": 192,
    "compartment": "immune"
  },
  "Club (nasal)": {
    "mean_fraction": 0.013558518584169739,
    "std_fraction": 0.05040708961522838,
    "n_donors": 108,
    "compartment": "airway_epithelial"
  },
  "Club (non-nasal)": {
    "mean_fraction": 0.005189070389955009,
    "std_fraction": 0.021221458504929274,
    "n_donors": 161,
    "compartment": "airway_epithelial"
  },
  "DC1": {
    "mean_fraction": 0.00026992815892727006,
    "std_fraction": 0.0009398752185729465,
    "n_donors": 106,
    "compartment": "other"
  },
  "DC2": {
    "mean_fraction": 0.00773695664333144,
    "std_fraction": 0.02011109654602224,
    "n_donors": 218,
    "compartment": "other"
  },
  "Deuterosomal": {
    "mean_fraction": 0.0009260852427884332,
    "std_fraction": 0.0025194785387266895,
    "n_donors": 138,
    "compartment": "other"
  },
  "EC aerocyte capillary": {
    "mean_fraction": 0.002783098262528042,
    "std_fraction": 0.011163057279844063,
    "n_donors": 111,
    "compartment": "endothelial"
  },
  "EC arterial": {
    "mean_fraction": 0.003469727247329098,
    "std_fraction": 0.01148518795277018,
    "n_donors": 145,
    "compartment": "endothelial"
  },
  "EC general capillary": {
    "mean_fraction": 0.00778586008743343,
    "std_fraction": 0.03188126927395196,
    "n_donors": 143,
    "compartment": "endothelial"
  },
  "EC venous pulmonary": {
    "mean_fraction": 0.002626203782692299,
    "std_fraction": 0.009258930111981187,
    "n_donors": 134,
    "compartment": "endothelial"
  },
  "EC venous systemic": {
    "mean_fraction": 0.0025540207873746127,
    "std_fraction": 0.010058161860629302,
    "n_donors": 122,
    "compartment": "endothelial"
  },
  "Goblet (bronchial)": {
    "mean_fraction": 0.0005844642340276815,
    "std_fraction": 0.003338148069197747,
    "n_donors": 74,
    "compartment": "airway_epithelial"
  },
  "Goblet (nasal)": {
    "mean_fraction": 0.02888954111822605,
    "std_fraction": 0.09501713804931446,
    "n_donors": 174,
    "compartment": "airway_epithelial"
  },
  "Goblet (subsegmental)": {
    "mean_fraction": 0.0004043670797407726,
    "std_fraction": 0.003101288552022302,
    "n_donors": 58,
    "compartment": "airway_epithelial"
  },
  "Hematopoietic stem cells": {
    "mean_fraction": 1.9246829904154016e-05,
    "std_fraction": 0.00013928076031996298,
    "n_donors": 23,
    "compartment": "other"
  },
  "Hillock-like": {
    "mean_fraction": 0.004434260899476454,
    "std_fraction": 0.03802085409003438,
    "n_donors": 81,
    "compartment": "other"
  },
  "Interstitial Mph perivascular": {
    "mean_fraction": 0.0023092035815546826,
    "std_fraction": 0.0077439694949733425,
    "n_donors": 138,
    "compartment": "other"
  },
  "Ionocyte": {
    "mean_fraction": 0.0009445928814800568,
    "std_fraction": 0.0033771860612069934,
    "n_donors": 106,
    "compartment": "other"
  },
  "Lymphatic EC differentiating": {
    "mean_fraction": 0.00028199347555162084,
    "std_fraction": 0.001383855630507266,
    "n_donors": 77,
    "compartment": "endothelial"
  },
  "Lymphatic EC mature": {
    "mean_fraction": 0.002579078988321722,
    "std_fraction": 0.0078092766212786045,
    "n_donors": 149,
    "compartment": "endothelial"
  },
  "Lymphatic EC proliferating": {
    "mean_fraction": 9.785309981330172e-06,
    "std_fraction": 8.464503929736049e-05,
    "n_donors": 10,
    "compartment": "endothelial"
  },
  "Mast cells": {
    "mean_fraction": 0.005094910823678975,
    "std_fraction": 0.01807841574694856,
    "n_donors": 183,
    "compartment": "immune"
  },
  "Mesothelium": {
    "mean_fraction": 0.00014195093727190091,
    "std_fraction": 0.0008229980325347845,
    "n_donors": 40,
    "compartment": "other"
  },
  "Migratory DCs": {
    "mean_fraction": 0.00031902972255540713,
    "std_fraction": 0.0010520967670524378,
    "n_donors": 113,
    "compartment": "other"
  },
  "Monocyte-derived Mph": {
    "mean_fraction": 0.025476577733300025,
    "std_fraction": 0.08693208461294018,
    "n_donors": 190,
    "compartment": "immune"
  },
  "Multiciliated (nasal)": {
    "mean_fraction": 0.0010627005199851458,
    "std_fraction": 0.00766677458392048,
    "n_donors": 62,
    "compartment": "airway_epithelial"
  },
  "Multiciliated (non-nasal)": {
    "mean_fraction": 0.03748285511282925,
    "std_fraction": 0.08576852656580963,
    "n_donors": 253,
    "compartment": "airway_epithelial"
  },
  "Myofibroblasts": {
    "mean_fraction": 0.00023859034414775178,
    "std_fraction": 0.0010528234823235436,
    "n_donors": 64,
    "compartment": "stromal"
  },
  "NK cells": {
    "mean_fraction": 0.011382750496493205,
    "std_fraction": 0.034503113253451026,
    "n_donors": 177,
    "compartment": "immune"
  },
  "Neuroendocrine": {
    "mean_fraction": 0.00014428058589616635,
    "std_fraction": 0.000596579048634352,
    "n_donors": 72,
    "compartment": "other"
  },
  "Non-classical monocytes": {
    "mean_fraction": 0.007479584216277147,
    "std_fraction": 0.021365574367102867,
    "n_donors": 172,
    "compartment": "immune"
  },
  "Peribronchial fibroblasts": {
    "mean_fraction": 0.0006606804970148587,
    "std_fraction": 0.003025111210825807,
    "n_donors": 92,
    "compartment": "stromal"
  },
  "Pericytes": {
    "mean_fraction": 0.0012767150710278742,
    "std_fraction": 0.0051875420928940725,
    "n_donors": 91,
    "compartment": "stromal"
  },
  "Plasma cells": {
    "mean_fraction": 0.00218649855782134,
    "std_fraction": 0.013047993577862394,
    "n_donors": 149,
    "compartment": "immune"
  },