{
  "source_file": "lung_fetal_assembled_10domains.h5ad",
  "n_fetal_cells": 71752,
  "n_sampled": 10000,
  "n_common_genes": 12757,
  "log_fc_threshold": 1.0,
  "pct_threshold": 0.1,
  "fetal_enriched": {
    "COL1A2": {
      "fetal_mean": 1.3125823736190796,
      "adult_mean": 0.13419580459594727,
      "fetal_pct": 0.5809,
      "adult_pct": 0.0592,
      "log_fc_fetal_vs_adult": 1.1783865690231323
    },
    "SPARC": {
      "fetal_mean": 1.5457980632781982,
      "adult_mean": 0.3505012094974518,
      "fetal_pct": 0.7211,
      "adult_pct": 0.1806,
      "log_fc_fetal_vs_adult": 1.1952968537807465
    },
    "ITM2C": {
      "fetal_mean": 1.3368067741394043,
      "adult_mean": 0.1588095724582672,
      "fetal_pct": 0.7558,
      "adult_pct": 0.1,
      "log_fc_fetal_vs_adult": 1.177997201681137
    },
    "MEST": {
      "fetal_mean": 1.2179771661758423,
      "adult_mean": 0.059181731194257736,
      "fetal_pct": 0.6466,
      "adult_pct": 0.0388,
      "log_fc_fetal_vs_adult": 1.1587954349815845
    },
    "NREP": {
      "fetal_mean": 1.5002022981643677,
      "adult_mean": 0.06337730586528778,
      "fetal_pct": 0.7616,
      "adult_pct": 0.0412,
      "log_fc_fetal_vs_adult": 1.43682499229908
    },
    "STMN1": {
      "fetal_mean": 1.6061642169952393,
      "adult_mean": 0.4177720248699188,
      "fetal_pct": 0.8098,
      "adult_pct": 0.2452,
      "log_fc_fetal_vs_adult": 1.1883921921253204
    },
    "MAGED2": {
      "fetal_mean": 1.4458537101745605,
      "adult_mean": 0.4110296964645386,
      "fetal_pct": 0.7721,
      "adult_pct": 0.261,
      "log_fc_fetal_vs_adult": 1.034824013710022
    },
    "BEX3": {
      "fetal_mean": 1.451158046722412,
      "adult_mean": 0.3936726450920105,
      "fetal_pct": 0.7463,
      "adult_pct": 0.2278,
      "log_fc_fetal_vs_adult": 1.0574854016304016
    },
    "SERPINH1": {
      "fetal_mean": 1.3334211111068726,
      "adult_mean": 0.21492646634578705,
      "fetal_pct": 0.7138,
      "adult_pct": 0.1394,
      "log_fc_fetal_vs_adult": 1.1184946447610855
    },
    "COL1A1": {
      "fetal_mean": 1.2851794958114624,
      "adult_mean": 0.1092509850859642,
      "fetal_pct": 0.6015,
      "adult_pct": 0.0626,
      "log_fc_fetal_vs_adult": 1.1759285107254982
    },
    "ZFP36L1": {
      "fetal_mean": 2.061356544494629,
      "adult_mean": 1.0528740882873535,
      "fetal_pct": 0.929,
      "adult_pct": 0.5224,
      "log_fc_fetal_vs_adult": 1.0084824562072754
    },
    "MARCKSL1": {
      "fetal_mean": 1.526669979095459,
      "adult_mean": 0.2850192189216614,
      "fetal_pct": 0.7846,
      "adult_pct": 0.1628,
      "log_fc_fetal_vs_adult": 1.2416507601737976
    },
    "GABARAP": {
      "fetal_mean": 1.904220700263977,
      "adult_mean": 0.7583187818527222,
      "fetal_pct": 0.9373,
      "adult_pct": 0.3836,
      "log_fc_fetal_vs_adult": 1.1459019184112549
    },
    "TUBB": {
      "fetal_mean": 1.9269068241119385,
      "adult_mean": 0.8516259789466858,
      "fetal_pct": 0.8976,
      "adult_pct": 0.4536,
      "log_fc_fetal_vs_adult": 1.0752808451652527
    },
    "COL6A2": {
      "fetal_mean": 1.153975009918213,
      "adult_mean": 0.14683987200260162,
      "fetal_pct": 0.6025,
      "adult_pct": 0.0688,
      "log_fc_fetal_vs_adult": 1.0071351379156113
    },
    "MFAP2": {
      "fetal_mean": 1.2120180130004883,
      "adult_mean": 0.06252097338438034,
      "fetal_pct": 0.6547,
      "adult_pct": 0.0414,
      "log_fc_fetal_vs_adult": 1.149497039616108
    },
    "COL3A1": {
      "fetal_mean": 1.1925175189971924,
      "adult_mean": 0.09228800237178802,
      "fetal_pct": 0.5645,
      "adult_pct": 0.0432,
      "log_fc_fetal_vs_adult": 1.1002295166254044
    },
    "MDK": {
      "fetal_mean": 1.679425835609436,
      "adult_mean": 0.4264587461948395,
      "fetal_pct": 0.7423,
      "adult_pct": 0.2276,
      "log_fc_fetal_vs_adult": 1.2529670894145966
    }
  },
  "adult_enriched": {
    "NEAT1": {
      "fetal_mean": 0.6688125133514404,
      "adult_mean": 2.087585210800171,
      "fetal_pct": 0.4055,
      "adult_pct": 0.8116,
      "log_fc_fetal_vs_adult": -1.4187726974487305
    },
    "S100A4": {
      "fetal_mean": 0.39709484577178955,
      "adult_mean": 1.586079716682434,
      "fetal_pct": 0.2284,
      "adult_pct": 0.6394,
      "log_fc_fetal_vs_adult": -1.1889848709106445
    },
    "S100A6": {
      "fetal_mean": 1.2935309410095215,
      "adult_mean": 2.4850552082061768,
      "fetal_pct": 0.7003,
      "adult_pct": 0.8796,
      "log_fc_fetal_vs_adult": -1.1915242671966553
    },
    "SLPI": {
      "fetal_mean": 0.04861341789364815,
      "adult_mean": 1.1918343305587769,
      "fetal_pct": 0.0311,
      "adult_pct": 0.4464,
      "log_fc_fetal_vs_adult": -1.1432209126651287
    },
    "ANXA1": {
      "fetal_mean": 0.4737817347049713,
      "adult_mean": 1.61849844455719,
      "fetal_pct": 0.2763,
      "adult_pct": 0.7014,
      "log_fc_fetal_vs_adult": -1.1447167098522186
    },
    "CD74": {
      "fetal_mean": 0.7897782921791077,
      "adult_mean": 1.906808614730835,
      "fetal_pct": 0.3825,
      "adult_pct": 0.734,
      "log_fc_fetal_vs_adult": -1.1170303225517273
    },
    "LGALS3": {
      "fetal_mean": 0.5376992225646973,
      "adult_mean": 1.5449410676956177,
      "fetal_pct": 0.3469,
      "adult_pct": 0.6548,
      "log_fc_fetal_vs_adult": -1.0072418451309204
    }
  },
  "shared_gene_count": 12732
}